<?xml version="1.0" encoding="utf-8"?>
<appengine-web-app xmlns="http://appengine.google.com/ns/1.0">
  <application>crawlservice</application>
  <version>1</version>
  
  <threadsafe>true</threadsafe>

  <!-- Configure serving/caching of GWT files -->
  <static-files>
    <include path="**" />
  </static-files>

  <!-- Configure java.util.logging -->
  <system-properties>
    <property name="java.util.logging.config.file" value="WEB-INF/logging.properties"/>
  </system-properties>

</appengine-web-app>
