<!DOCTYPE ui:UiBinder SYSTEM "http://dl.google.com/gwt/DTD/xhtml.ent">

<ui:UiBinder xmlns:ui='urn:ui:com.google.gwt.uibinder'
    xmlns:g='urn:import:com.google.gwt.user.client.ui'>

    <ui:style src='../../defines.css'>
        .horizontalBar {
            width: 100%;
            height: 5px;
            background-color: darkPanelColor;
        }
        
        .container {
            border-width: 1px 5px 5px 5px;
            border-style: solid;
            border-color: darkPanelColor;
            margin: 0;
            padding: 0;
        }
    </ui:style>

    <g:FlowPanel>
        <g:HTMLPanel>
            <g:FlowPanel ui:field="tabPanel" />
            <div style="clear: both;"></div>
            <div class="{style.horizontalBar}" />
        </g:HTMLPanel>
        <g:FlowPanel addStyleNames="{style.container}"
            ui:field="tabContentContainer" />
    </g:FlowPanel>

</ui:UiBinder>